is_stereotypical_sample,total,extracted,accuracy,avg_length,expl_rate,stereo_pred_rate,stereo_mentions_per_sample,anti_mentions_per_sample
False,4306.0,3527.0,0.1925148851715339,609.7259637714817,0.6377148165350673,0.406177426846261,6.041569902461681,6.083604273107293
True,1430.0,1317.0,0.49582384206529995,656.134965034965,0.7482517482517482,0.45664335664335665,9.877622377622378,9.852447552447552
