is_stereotypical_sample,total,extracted,accuracy,avg_length,expl_rate,stereo_pred_rate,stereo_mentions_per_sample,anti_mentions_per_sample
False,900.0,269.0,0.3159851301115242,657.2033333333334,0.6033333333333334,0.14222222222222222,1.011111111111111,1.0355555555555556
True,300.0,165.0,0.5212121212121212,694.2366666666667,0.6566666666666666,0.2866666666666667,2.42,2.5233333333333334
