is_stereotypical_sample,total,extracted,accuracy,avg_length,expl_rate,stereo_pred_rate,stereo_mentions_per_sample,anti_mentions_per_sample
False,900.0,260.0,0.3076923076923077,654.7044444444444,0.5811111111111111,0.14444444444444443,0.9466666666666667,0.9477777777777778
True,300.0,170.0,0.5176470588235295,715.3866666666667,0.72,0.29333333333333333,2.6133333333333333,2.4966666666666666
