is_stereotypical_sample,total,extracted,accuracy,avg_length,expl_rate,stereo_pred_rate,stereo_mentions_per_sample,anti_mentions_per_sample
False,2180.0,2085.0,0.31750599520383693,534.3220183486238,0.923394495412844,0.31972477064220184,1.346788990825688,1.2665137614678899
True,720.0,711.0,0.31645569620253167,556.9430555555556,0.9472222222222222,0.3125,1.0958333333333334,1.698611111111111
