is_stereotypical_sample,total,extracted,accuracy,avg_length,expl_rate,stereo_pred_rate,stereo_mentions_per_sample,anti_mentions_per_sample
False,1380.0,75.0,0.2,423.5050724637681,0.3782608695652174,0.02246376811594203,0.15072463768115943,0.15217391304347827
True,460.0,22.0,0.45454545454545453,423.5108695652174,0.3347826086956522,0.021739130434782608,0.10869565217391304,0.09782608695652174
