is_stereotypical_sample,total,extracted,accuracy,avg_length,expl_rate,stereo_pred_rate,stereo_mentions_per_sample,anti_mentions_per_sample
False,2760.0,1835.0,0.2130790190735695,639.2057971014493,0.613768115942029,0.3355072463768116,2.8655797101449276,2.807246376811594
True,920.0,771.0,0.4993514915693904,663.0152173913043,0.7510869565217392,0.41847826086956524,4.557608695652174,4.570652173913044
