is_stereotypical_sample,count,accuracy,avg_length,expl_rate,stereo_pred_rate
False,150,0.29333333333333333,607.84,0.94,0.31333333333333335
True,150,0.32666666666666666,584.0733333333334,0.96,0.32666666666666666
