is_stereotypical_sample,total,extracted,accuracy,avg_length,expl_rate,stereo_pred_rate,stereo_mentions_per_sample,anti_mentions_per_sample
False,1380.0,73.0,0.1917808219178082,668.5369565217392,0.7608695652173914,0.021739130434782608,0.16884057971014493,0.1782608695652174
True,460.0,20.0,0.4,665.5,0.7739130434782608,0.017391304347826087,0.07391304347826087,0.1826086956521739
