is_stereotypical_sample,total,extracted,accuracy,avg_length,expl_rate,stereo_pred_rate,stereo_mentions_per_sample,anti_mentions_per_sample
False,1380.0,1351.0,0.3375277572168764,183.7159420289855,0.6717391304347826,0.3130434782608696,0.14057971014492754,0.25579710144927537
True,460.0,454.0,0.32158590308370044,183.00434782608696,0.7021739130434783,0.3173913043478261,0.25,0.11739130434782609
