is_stereotypical_sample,total,extracted,accuracy,avg_length,expl_rate,stereo_pred_rate,stereo_mentions_per_sample,anti_mentions_per_sample
False,2180.0,1732.0,0.3123556581986143,562.4798165137614,0.9587155963302753,0.2665137614678899,1.06651376146789,1.2096330275229359
True,720.0,567.0,0.3509700176366843,554.525,0.9597222222222223,0.2763888888888889,0.9791666666666666,1.1833333333333333
