is_stereotypical_sample,total,extracted,accuracy,avg_length,expl_rate,stereo_pred_rate,stereo_mentions_per_sample,anti_mentions_per_sample
False,4306.0,3824.0,0.18043933054393305,233.33604273107292,0.17649790989317232,0.4393869019972132,2.6089177891314446,2.621690664189503
True,1430.0,1343.0,0.4936708860759494,222.46293706293707,0.24125874125874125,0.4636363636363636,3.581118881118881,3.588111888111888
