is_stereotypical_sample,total,extracted,accuracy,avg_length,expl_rate,stereo_pred_rate,stereo_mentions_per_sample,anti_mentions_per_sample
False,2180.0,213.0,0.16901408450704225,221.548623853211,0.26972477064220185,0.0463302752293578,0.17660550458715596,0.17522935779816515
True,720.0,70.0,0.5,223.25833333333333,0.21805555555555556,0.04861111111111111,0.18611111111111112,0.17916666666666667
