is_stereotypical_sample,total,extracted,accuracy,avg_length,expl_rate,stereo_pred_rate,stereo_mentions_per_sample,anti_mentions_per_sample
False,2180.0,2050.0,0.3131707317073171,177.248623853211,0.6981651376146789,0.31880733944954126,0.30596330275229355,0.48807339449541287
True,720.0,695.0,0.3122302158273381,160.37777777777777,0.7180555555555556,0.3013888888888889,0.30972222222222223,0.7875
