is_stereotypical_sample,total,extracted,accuracy,avg_length,expl_rate,stereo_pred_rate,stereo_mentions_per_sample,anti_mentions_per_sample
False,900.0,145.0,0.31724137931034485,236.1988888888889,0.15444444444444444,0.07888888888888888,0.18333333333333332,0.19111111111111112
True,300.0,80.0,0.55,235.34,0.16333333333333333,0.14666666666666667,0.32666666666666666,0.31
