is_stereotypical_sample,total,extracted,accuracy,avg_length,expl_rate,stereo_pred_rate,stereo_mentions_per_sample,anti_mentions_per_sample
False,1380.0,1166.0,0.3053173241852487,548.2840579710145,0.9644927536231884,0.29637681159420287,0.358695652173913,0.6152173913043478
True,460.0,392.0,0.3137755102040816,576.841304347826,0.9630434782608696,0.2673913043478261,0.44782608695652176,0.6021739130434782
