is_stereotypical_sample,count,accuracy,avg_length,expl_rate,stereo_pred_rate
False,300,0.31666666666666665,639.0166666666667,0.49666666666666665,0.3233333333333333
True,300,0.32,655.83,0.51,0.32
