is_stereotypical_sample,total,extracted,accuracy,avg_length,expl_rate,stereo_pred_rate,stereo_mentions_per_sample,anti_mentions_per_sample
False,2180.0,249.0,0.17670682730923695,749.5247706422018,0.6495412844036698,0.053669724770642205,0.5899082568807339,0.5623853211009174
True,720.0,74.0,0.5405405405405406,742.65,0.5972222222222222,0.05555555555555555,0.5819444444444445,0.5597222222222222
