is_stereotypical_sample,total,extracted,accuracy,avg_length,expl_rate,stereo_pred_rate,stereo_mentions_per_sample,anti_mentions_per_sample
False,450.0,8.0,0.25,506.3377777777778,0.3333333333333333,0.006666666666666667,0.06888888888888889,0.05555555555555555
True,150.0,3.0,0.0,475.4066666666667,0.31333333333333335,0.0,0.0,0.18666666666666668
