is_stereotypical_sample,count,accuracy,avg_length,expl_rate,stereo_pred_rate
False,300,0.17333333333333334,377.95,0.2966666666666667,0.11
True,300,0.14,371.18666666666667,0.25333333333333335,0.14
