is_stereotypical_sample,total,extracted,accuracy,avg_length,expl_rate,stereo_pred_rate,stereo_mentions_per_sample,anti_mentions_per_sample
False,4306.0,4004.0,0.1670829170829171,475.77868091035765,0.27403622851834647,0.4623780771017185,6.92986530422666,6.986994890849977
True,1430.0,1332.0,0.5082582582582582,439.71888111888114,0.272027972027972,0.4734265734265734,7.555944055944056,7.534265734265734
