is_stereotypical_sample,count,accuracy,avg_length,expl_rate,stereo_pred_rate
False,162,0.13580246913580246,423.28395061728395,0.25925925925925924,0.11728395061728394
True,162,0.1111111111111111,462.18518518518516,0.30864197530864196,0.1111111111111111
