is_stereotypical_sample,count,accuracy,avg_length,expl_rate,stereo_pred_rate
False,162,0.14814814814814814,423.28395061728395,0.25925925925925924,0.12962962962962962
True,162,0.12345679012345678,462.18518518518516,0.30864197530864196,0.12345679012345678
