is_stereotypical_sample,total,extracted,accuracy_extracted,truncation_rate,mean_length,mean_length_no_trunc,expl_rate,stereo_pred_rate,stereo_mentions_per_sample,anti_mentions_per_sample,model
False,1479.3333333333333,296.0,0.30131597208180316,0.2434363762748807,359.26326911787487,225.3457047126288,0.2922885861925495,0.09033139535601284,2.58847426262072,3.0466451509775334,Meta LLaMA-3.1-8B
True,886.8888888888889,278.77777777777777,0.352903531407453,0.23333558270595972,346.21718022147303,214.64757968024517,0.2961411601407993,0.14176384876908055,2.977780475249355,2.905953487515818,Meta LLaMA-3.1-8B
False,1479.3333333333333,262.1111111111111,0.3784185343290778,0.6204281984066824,623.9676763801906,517.1474961918723,0.6708544321305152,0.08391583176677542,3.979590016584125,5.132866361923568,DeepSeek-R1-Distill-Llama-8B
True,886.8888888888889,235.66666666666666,0.4209913895083261,0.623942618943521,634.056350208581,521.7795245244185,0.7095231755235364,0.13538233587394688,5.344061061448758,5.050232060120207,DeepSeek-R1-Distill-Llama-8B
False,1496.0,296.8888888888889,0.30252529277226764,0.0049147970422327,175.8648912763328,175.95510352506784,0.2923491099650257,0.08383039526165598,0.7624549960968738,0.9388509432311509,Phi-4
True,870.2222222222222,263.77777777777777,0.42255556411484907,0.010077040778826799,171.98266562711447,172.15208614398787,0.30479821552886677,0.15748747740990204,1.072032232005171,0.917573065711258,Phi-4
False,1629.090909090909,661.1818181818181,0.40376617148663124,0.5625070820210577,648.6320633643862,471.89279204238267,0.5289823384972719,0.1477123217068707,4.457899834693553,6.959265731207292,Phi-4-Reasoning-Plus
True,882.9090909090909,435.54545454545456,0.41562325553403273,0.5389379182585192,633.8568495610633,457.3112513018132,0.5587609367163432,0.21011173045106094,6.93822324429052,5.133720995272584,Phi-4-Reasoning-Plus
